name,mean,std,rank,type,votes,url
尼古喵喵,7.474,1.194,973,Anime,6831,https://bangumi.tv/subject/622206
画完这个再去死,7.987,1.01,252,Anime,3193,https://bangumi.tv/subject/545917
BanG Dream! 交织的乐章,4.589,2.441,10541,Game,56,https://bangumi.tv/subject/621188
unravel (Cover),6.0,1.0,0,Music,2,https://bangumi.tv/subject/696710
カーネーションの咲く日に,5.167,1.572,0,Music,6,https://bangumi.tv/subject/670013
everscape,5.909,2.151,0,Music,11,https://bangumi.tv/subject/698694
Grow Up Show ～向日葵马戏团～,7.226,0.94,1715,Anime,3194,https://bangumi.tv/subject/570583
自己肯定感爆上げ↑↑しゅきしゅきソング,3.781,2.891,7936,Music,64,https://bangumi.tv/subject/578062
BanG Dream! YUME∞MITA,4.764,1.672,10060,Anime,4998,https://bangumi.tv/subject/583729
青鸟,7.317,1.063,2086,Game,2100,https://bangumi.tv/subject/220311
なんもねえ,7.74,0.982,2361,Music,127,https://bangumi.tv/subject/661639
剧场版 魔法少女小圆〈瓦尔普吉斯的回天〉,7.646,1.795,710,Anime,536,https://bangumi.tv/subject/334105
天津罪,7.532,1.132,1295,Game,3114,https://bangumi.tv/subject/165894
COCORO,5.565,1.331,9983,Game,131,https://bangumi.tv/subject/513971
图灵完备,7.815,0.904,1019,Game,54,https://bangumi.tv/subject/434205
致並跡,6.692,0.91,0,Music,13,https://bangumi.tv/subject/637687
「エガクミライ」アニメーションMV,6.647,1.412,3281,Anime,51,https://bangumi.tv/subject/583138
静降想,7.133,1.204,0,Music,15,https://bangumi.tv/subject/585826
ホーミー・タイッ!!,5.9,0.7,0,Anime,10,https://bangumi.tv/subject/663884
起死開戦,5.154,1.231,0,Anime,13,https://bangumi.tv/subject/663886
画中世界,7.863,1.031,591,Game,1128,https://bangumi.tv/subject/95353
上伊那牡丹，酒醉身姿似百合花般,7.137,1.445,2059,Anime,9039,https://bangumi.tv/subject/543360
MyGO!!!!! 9th LIVE「つなぎ目の向こうに」,9.444,0.497,0,Real,9,https://bangumi.tv/subject/613616
挽救计划,7.607,1.028,727,Real,445,https://bangumi.tv/subject/636399
白箱,8.74,1.088,13,Anime,23468,https://bangumi.tv/subject/110467
章鱼哔的原罪,6.466,1.477,8932,Book,2292,https://bangumi.tv/subject/361988
时光流逝，饭菜依旧美味,7.679,0.954,590,Anime,11505,https://bangumi.tv/subject/531159
上伊那ぼたん、酔へる姿は百合の花 (1),7.316,1.34,0,Book,19,https://bangumi.tv/subject/294671
私の心はチョココロネ,6.3,1.394,7501,Music,30,https://bangumi.tv/subject/251028
Monster,6.821,1.525,6951,Music,56,https://bangumi.tv/subject/344280
端程山,6.178,1.51,7753,Music,45,https://bangumi.tv/subject/492567
処救生,6.167,1.537,7798,Music,54,https://bangumi.tv/subject/465940
可愛くてごめん,5.789,2.028,7858,Music,38,https://bangumi.tv/subject/450875
碧天伴走,6.385,1.599,7805,Music,143,https://bangumi.tv/subject/447501
"Here, the world!",6.269,1.398,7834,Music,108,https://bangumi.tv/subject/445512
ノンブレス・オブリージュ (Cover),5.743,2.061,7857,Music,35,https://bangumi.tv/subject/485636
MAGICAL DESTROYER,6.351,1.563,7553,Music,37,https://bangumi.tv/subject/421633
新しい季節に,6.0,1.155,0,Music,6,https://bangumi.tv/subject/453114
ギターと孤独と蒼い惑星,7.849,1.306,1701,Music,416,https://bangumi.tv/subject/409028
NO GIRL NO CRY,6.364,1.494,0,Music,11,https://bangumi.tv/subject/279227
TARINAI/トレモロアイズ,6.778,1.931,0,Music,9,https://bangumi.tv/subject/492568
二重の虹(ダブル レインボウ)／最高(さあ行こう)！,7.121,1.297,5427,Music,33,https://bangumi.tv/subject/246433
TVアニメ「BanG Dream!」キャラクターソング 市ヶ谷有咲「す、好きなんかじゃない！」,6.829,0.985,6687,Music,41,https://bangumi.tv/subject/219821
TVアニメ「BanG Dream!」キャラクターソング 牛込りみ「チョコレイトの低音レシピ」,6.208,1.117,7467,Music,24,https://bangumi.tv/subject/217068
TVアニメ「BanG Dream!」キャラクターソング 山吹沙綾「遠い音楽 ～ハートビート～」,6.462,1.151,7193,Music,26,https://bangumi.tv/subject/219820
TVアニメ「BanG Dream!」キャラクターソング 花園たえ「花園電気ギター！！！」,6.778,1.133,6499,Music,27,https://bangumi.tv/subject/217067
キズナミュージック♪,7.721,1.335,2522,Music,86,https://bangumi.tv/subject/261539
ガールズコード,7.182,1.217,5156,Music,33,https://bangumi.tv/subject/256574
Jumpin',7.418,1.201,4153,Music,55,https://bangumi.tv/subject/269564
イニシャル/夢を撃ち抜く瞬間に！,7.813,1.029,2130,Music,75,https://bangumi.tv/subject/293411
CiRCLING,7.0,1.231,5926,Music,33,https://bangumi.tv/subject/236538
しゅわりん☆どり～みん,6.629,1.153,7383,Music,62,https://bangumi.tv/subject/219382
わちゅごなどぅー,6.107,1.08,7650,Music,28,https://bangumi.tv/subject/408887
FIRE BIRD,8.339,1.243,402,Music,174,https://bangumi.tv/subject/279222
どきどきデエト,6.5,0.5,0,Music,2,https://bangumi.tv/subject/632654
クリスマスのうた,7.206,1.106,5063,Music,34,https://bangumi.tv/subject/229196
Time Lapse,7.304,1.208,4825,Music,69,https://bangumi.tv/subject/222981
ときめきエクスペリエンス！,6.871,1.351,6877,Music,70,https://bangumi.tv/subject/205231
STAR BEAT!～ホシノコドウ～,7.0,1.155,6395,Music,72,https://bangumi.tv/subject/188646
Yes! BanG_Dream!,6.5,1.366,7508,Music,52,https://bangumi.tv/subject/171698
White Afternoon,7.188,1.073,0,Music,16,https://bangumi.tv/subject/296122
前へススメ！／夢みるSunflower,6.574,1.382,7413,Music,54,https://bangumi.tv/subject/213500
キラキラだとか夢だとか ~Sing Girls~,6.884,1.084,6844,Music,69,https://bangumi.tv/subject/208910
走り始めたばかりのキミに／ティアドロップス,7.296,1.155,4885,Music,71,https://bangumi.tv/subject/200622
ホーミー・タイッ!!,5.545,1.559,0,Music,11,https://bangumi.tv/subject/632572
起死開戦,6.4,0.97,0,Music,20,https://bangumi.tv/subject/632571
Ave Mujica LIVE TOUR 2026「Exitus」,7.667,0.943,0,Real,3,https://bangumi.tv/subject/576403
砂寸奏／回層浮,6.565,1.444,7482,Music,62,https://bangumi.tv/subject/473843
Poppin'Party×Roselia 合同ライブ「DREAMS GO ON」,9.75,0.433,0,Real,4,https://bangumi.tv/subject/626116
如果能成为谁的心脏的话,8.333,0.943,0,Music,3,https://bangumi.tv/subject/580090
星之终途,7.482,1.143,1447,Game,3188,https://bangumi.tv/subject/317675
飙马野郎 JOJO的奇妙冒险 第一赛段,7.478,1.01,972,Anime,3438,https://bangumi.tv/subject/551918
人狼村之谜,8.15,1.004,274,Game,5625,https://bangumi.tv/subject/215470
夏之锁,6.707,1.24,5550,Game,1550,https://bangumi.tv/subject/166756
金牌得主 第二季,7.752,0.894,478,Anime,6899,https://bangumi.tv/subject/548818
G弦上的魔王,7.83,1.155,635,Game,4594,https://bangumi.tv/subject/1385
明日方舟：终末地,5.572,1.943,10238,Game,982,https://bangumi.tv/subject/374638
比宇宙更远的地方,8.165,1.188,148,Anime,15923,https://bangumi.tv/subject/218708
异度侵入,7.484,1.037,948,Anime,15938,https://bangumi.tv/subject/285776
快要坏掉的八音盒,7.253,1.13,1604,Anime,3021,https://bangumi.tv/subject/3806
超辉夜姬！,8.057,1.282,197,Anime,22561,https://bangumi.tv/subject/604826
BOW AND ARROW,7.444,1.548,4124,Music,320,https://bangumi.tv/subject/534543
More One Night,7.863,0.96,1663,Music,284,https://bangumi.tv/subject/228592
星のダイアローグ,7.278,0.996,5163,Music,144,https://bangumi.tv/subject/251672
魔女之旅,7.199,1.17,1792,Anime,17354,https://bangumi.tv/subject/292970
only my railgun,8.157,1.218,587,Music,1321,https://bangumi.tv/subject/3227
花之塔,8.049,1.149,891,Music,548,https://bangumi.tv/subject/423479
君へ(TVアニメ「真夜中ぱんチ」第4話エンディングテーマ),7.174,1.129,5378,Music,46,https://bangumi.tv/subject/505794
青春コンプレックス,7.428,1.104,4218,Music,355,https://bangumi.tv/subject/400957
星座になれたら,8.095,1.149,786,Music,379,https://bangumi.tv/subject/412529
Distortion!!,7.209,1.254,5704,Music,263,https://bangumi.tv/subject/404443
なにが悪い,7.3,1.246,5087,Music,213,https://bangumi.tv/subject/409027
リテラチュア,7.171,1.298,5813,Music,140,https://bangumi.tv/subject/311987
リリィ,7.27,1.011,4987,Music,63,https://bangumi.tv/subject/589821
对我垂涎欲滴的非人少女,6.787,1.157,3604,Anime,4228,https://bangumi.tv/subject/520842
リリィ (Another ver.),6.643,0.61,0,Music,14,https://bangumi.tv/subject/614884
我们不可能成为恋人！绝对不行。 (※似乎可行？) 〜再次闪耀！〜,7.307,1.073,1431,Anime,6446,https://bangumi.tv/subject/587454
我们不可能成为恋人！绝对不行。 (※似乎可行？),7.445,1.155,1043,Anime,11812,https://bangumi.tv/subject/524707
夢浮橋-ユメノウキハシ-,7.974,1.074,1761,Music,39,https://bangumi.tv/subject/473926
Drive Your Heart,7.0,0.707,0,Music,4,https://bangumi.tv/subject/603354
终焉之森2,5.045,1.186,9290,Game,22,https://bangumi.tv/subject/519041
终焉之森 -Forest of soul slave-,4.926,1.215,9770,Game,27,https://bangumi.tv/subject/519040
AURA ～魔龙院光牙最后的战斗～,6.79,1.246,3548,Anime,1760,https://bangumi.tv/subject/43310
彼方的阿斯特拉,7.377,1.063,1216,Anime,3428,https://bangumi.tv/subject/273877
东京喰种,6.777,1.336,3670,Anime,14455,https://bangumi.tv/subject/93714
秽翼的尤斯蒂娅,8.337,1.039,151,Game,8112,https://bangumi.tv/subject/12280
POPIGENIC,8.409,1.114,1040,Music,22,https://bangumi.tv/subject/537449
时钟机关的Ley-line-阳炎中彷徨的魔女-,7.443,0.973,0,Game,431,https://bangumi.tv/subject/207413
时钟机关的Ley-line-朝雾中飘零之花-,7.816,0.948,657,Game,1520,https://bangumi.tv/subject/106118
时钟机关的Ley-line-残影之夜将明时-,7.77,0.908,742,Game,1490,https://bangumi.tv/subject/49533
电影 Love Live! 虹咲学园校园偶像同好会 完结篇 第2章,7.214,1.147,1795,Anime,434,https://bangumi.tv/subject/442615
时钟机关的Ley-line-黄昏时刻的境界线-,6.685,0.955,5713,Game,1573,https://bangumi.tv/subject/41155
美好的每一天 ～不连续的存在～全语音HD版,8.752,1.663,0,Game,1164,https://bangumi.tv/subject/259061
琉璃的宝石,8.059,1.064,199,Anime,9346,https://bangumi.tv/subject/512190
国王游戏,2.659,1.82,10320,Anime,2046,https://bangumi.tv/subject/221119
夏日口袋,7.161,1.348,1945,Anime,8102,https://bangumi.tv/subject/363957
橘光柠水随想曲,6.93,1.367,4142,Game,1832,https://bangumi.tv/subject/561526
只有我不存在的城市,7.62,1.084,676,Anime,14751,https://bangumi.tv/subject/137722
魔法少女的魔女审判,7.253,1.266,2358,Game,4645,https://bangumi.tv/subject/488392
Aqours Documentary,7.917,0.954,0,Real,12,https://bangumi.tv/subject/567012
章鱼哔的原罪,6.797,1.528,3542,Anime,10886,https://bangumi.tv/subject/527620
Animelo Summer Live 2025 “ThanXX!”,8.5,1.118,0,Real,6,https://bangumi.tv/subject/564090
治愈男性的机器人,6.406,1.28,7029,Game,133,https://bangumi.tv/subject/289773
9-nine-天色天歌天籁音,7.172,1.045,2781,Game,4840,https://bangumi.tv/subject/222145
9-nine-雪色雪花雪之痕,7.659,1.006,968,Game,4314,https://bangumi.tv/subject/290856
9-nine-春色春恋春熙风,6.873,0.972,4498,Game,4106,https://bangumi.tv/subject/256657
往欄印,6.684,1.489,0,Music,19,https://bangumi.tv/subject/565040
9-nine-九次九日九重色,6.369,1.051,7859,Game,4942,https://bangumi.tv/subject/189739
苍之彼方的四重奏 EXTRA2,8.256,1.021,192,Game,2078,https://bangumi.tv/subject/308808
夏日口袋 REFLECTION BLUE,8.391,1.167,0,Game,4928,https://bangumi.tv/subject/295957
苍之彼方的四重奏 EXTRA1,7.158,1.043,2864,Game,1660,https://bangumi.tv/subject/206156
MyGO!!!!! ZEPP TOUR 2025「心のはしを辿って」,7.75,0.433,0,Real,4,https://bangumi.tv/subject/569749
青空下的加缪,7.053,1.412,3422,Game,2152,https://bangumi.tv/subject/257527
苍之彼方的四重奏,7.793,1.056,691,Game,4451,https://bangumi.tv/subject/76912
苍之彼方的四重奏,5.818,1.417,8479,Anime,2595,https://bangumi.tv/subject/117601
Root Double -Before Crime * After Days-,7.697,1.141,929,Game,588,https://bangumi.tv/subject/27914
现在就想告诉哥哥，我是妹妹！,6.781,1.225,4994,Game,507,https://bangumi.tv/subject/27513
星之梦,7.921,1.13,496,Game,4430,https://bangumi.tv/subject/859
LUNARiA -Virtualized Moonchild-,6.671,1.206,5752,Game,666,https://bangumi.tv/subject/317674
神明的选择,5.892,1.271,9627,Game,582,https://bangumi.tv/subject/548299
BanG Dream! It's MyGO!!!!! 雨中祈晴,7.695,1.344,1790,Book,118,https://bangumi.tv/subject/530066
痴情哥哥与病弱妹妹的乡间生活,6.652,1.109,5924,Game,1417,https://bangumi.tv/subject/470980
聿日箋秋,6.951,1.234,6511,Music,61,https://bangumi.tv/subject/548186
变身,7.311,1.474,3426,Book,807,https://bangumi.tv/subject/185870
BanG Dream! Ave Mujica -manuscriptus-,4.222,1.843,0,Book,18,https://bangumi.tv/subject/520010
MyGO!!!!!×Ave Mujica 合同ライブ「わかれ道の、その先へ」,7.833,2.049,564,Real,66,https://bangumi.tv/subject/505568
心理测量者,7.929,1.104,285,Anime,14778,https://bangumi.tv/subject/37685
孤独摇滚！,7.435,1.362,2661,Book,823,https://bangumi.tv/subject/241088
狂赌之渊,7.034,1.018,2476,Anime,8866,https://bangumi.tv/subject/209408
金牌得主,8.022,0.967,219,Anime,13919,https://bangumi.tv/subject/430699
恋爱小行星,6.938,1.054,2867,Anime,5118,https://bangumi.tv/subject/276150
BanG Dream! Ave Mujica,4.069,2.079,10239,Anime,22048,https://bangumi.tv/subject/454684
ATRI -My Dear Moments- (2),7.333,0.471,0,Book,3,https://bangumi.tv/subject/471548
KiLLKiSS,7.491,1.453,3807,Music,344,https://bangumi.tv/subject/520341
悠久之翼,7.924,1.189,293,Anime,7080,https://bangumi.tv/subject/799
恋语Amrilato,7.184,1.078,2746,Game,267,https://bangumi.tv/subject/216929
不知何时的Memoraĵo,7.344,1.097,2114,Game,90,https://bangumi.tv/subject/250639
Love Live! Superstar!! 第三季,6.069,1.403,7517,Anime,1588,https://bangumi.tv/subject/404480
米塔,7.103,1.12,3161,Game,1637,https://bangumi.tv/subject/445334
关于我被小学女生绑架这件事,4.264,1.544,10744,Game,212,https://bangumi.tv/subject/216313
三原色,6.578,1.666,7475,Music,64,https://bangumi.tv/subject/339963
跡暖空,6.262,1.649,7770,Music,61,https://bangumi.tv/subject/515757
怪物 / 優しい彗星,7.377,1.417,4564,Music,212,https://bangumi.tv/subject/323742
Poppin’on!,7.607,0.9,3256,Music,28,https://bangumi.tv/subject/265269
Dreamers Go!/Returns,8.0,1.095,1329,Music,85,https://bangumi.tv/subject/279220
Breakthrough!,7.512,1.45,3652,Music,41,https://bangumi.tv/subject/302253
Live Beyond!!,6.333,1.22,7460,Music,30,https://bangumi.tv/subject/334008
ぽっぴん'どりーむ！,7.462,1.184,3847,Music,26,https://bangumi.tv/subject/352819
夏に閉じこめて,6.778,1.685,0,Music,9,https://bangumi.tv/subject/390352
青春 To Be Continued,7.273,1.286,0,Music,11,https://bangumi.tv/subject/438228
新しい季節に,6.364,1.666,0,Music,11,https://bangumi.tv/subject/463890
ATRI -My Dear Moments- (1),7.2,1.939,0,Book,5,https://bangumi.tv/subject/452200
MyGO!!!!! ZEPP TOUR 2024「彷徨する渇望」,7.417,0.759,0,Real,12,https://bangumi.tv/subject/492671
剑风传奇,6.855,1.316,3234,Anime,1716,https://bangumi.tv/subject/162040
剑风传奇,8.058,1.15,208,Anime,3063,https://bangumi.tv/subject/696
杀戮天使,6.374,1.214,6101,Anime,8394,https://bangumi.tv/subject/220566
月刊少女野崎君,7.786,0.978,428,Anime,22593,https://bangumi.tv/subject/100449
BanG Dream! 12th☆LIVE DAY2 : MyGO!!!!!「ちいさな一瞬」,7.5,1.708,0,Real,6,https://bangumi.tv/subject/492673
MyGO!!!!! 6th LIVE「見つけた景色、たずさえて」,8.7,1.552,110,Real,60,https://bangumi.tv/subject/492657
剧场版 BanG Dream! It's MyGO!!!!! 后篇 歌唱着，由我们所作的歌 & FILM LIVE,6.957,1.403,2749,Anime,437,https://bangumi.tv/subject/473833
别当欧尼酱了！,7.586,1.113,728,Anime,19213,https://bangumi.tv/subject/378862
命运石之门 0,7.928,1.165,488,Game,3290,https://bangumi.tv/subject/129820
败犬女主太多了！,7.958,1.163,265,Anime,28476,https://bangumi.tv/subject/464376
命运石之门,8.887,1.074,11,Game,8566,https://bangumi.tv/subject/3154
亚托莉 -我挚爱的时光-,6.305,1.164,6509,Anime,5682,https://bangumi.tv/subject/397604
神待少女纱波,6.6,1.054,6232,Game,728,https://bangumi.tv/subject/237277
心跳文学部！,6.799,1.351,4960,Game,3095,https://bangumi.tv/subject/228086
沙耶之歌,7.542,1.36,1258,Game,7586,https://bangumi.tv/subject/851
深夜重拳,7.311,1.002,1409,Anime,7255,https://bangumi.tv/subject/477207
内心往事,6.584,0.962,6095,Game,202,https://bangumi.tv/subject/332175
程序员升职记,7.179,1.02,2768,Game,123,https://bangumi.tv/subject/182787
锈湖：旅馆,7.175,0.977,2775,Game,422,https://bangumi.tv/subject/169553
植物大战僵尸,8.195,1.109,229,Game,4103,https://bangumi.tv/subject/1859
艾希,6.463,1.128,7203,Game,972,https://bangumi.tv/subject/198346
饥荒,7.314,1.124,2104,Game,1008,https://bangumi.tv/subject/62665
Mirror 2: Project X,3.384,2.346,10777,Game,435,https://bangumi.tv/subject/360620
与奴隶的生活 -Teaching Feeling-,6.366,1.372,7833,Game,1408,https://bangumi.tv/subject/151833
濒死的骑士、于异世界中响彻的绝唱,5.73,1.481,9992,Game,726,https://bangumi.tv/subject/476513
SaDistic BlooD,5.913,1.435,9586,Game,716,https://bangumi.tv/subject/292518
真爱的百合被染成红色,5.339,1.614,10467,Game,1115,https://bangumi.tv/subject/287133
妹调教日记,4.786,1.864,10710,Game,2358,https://bangumi.tv/subject/23604
兰斯10 决战,9.308,1.446,2,Game,3652,https://bangumi.tv/subject/226254
多娜多娜 一起干坏事吧,7.412,1.124,1696,Game,3229,https://bangumi.tv/subject/297734
星空列车与白的旅行,7.45,1.126,1544,Game,3565,https://bangumi.tv/subject/304421
RIDDLE JOKER,6.519,1.171,6915,Game,4431,https://bangumi.tv/subject/231798
魔女的夜宴,7.143,1.113,2936,Game,5837,https://bangumi.tv/subject/113290
千恋＊万花,6.831,1.214,4756,Game,7441,https://bangumi.tv/subject/172612
逝去的你、于馆中萌生的憎恶,6.185,1.361,8743,Game,2304,https://bangumi.tv/subject/178431
剧场版 BanG Dream! It's MyGO!!!!! 前篇 春日向阳，迷途野猫,6.823,1.403,3319,Anime,531,https://bangumi.tv/subject/473832
灰色的乐园,7.324,1.088,1369,Anime,4908,https://bangumi.tv/subject/130234
灰色的迷宫,7.195,1.042,1811,Anime,4450,https://bangumi.tv/subject/121187
灰色的果实,7.082,1.155,2259,Anime,5789,https://bangumi.tv/subject/67376
学园孤岛,6.935,1.072,2879,Anime,9425,https://bangumi.tv/subject/106693
狼的孩子雨和雪,7.966,1.074,261,Anime,8119,https://bangumi.tv/subject/28440
电影 Love Live! 虹咲学园校园偶像同好会 完结篇 第1章,6.709,1.145,3930,Anime,721,https://bangumi.tv/subject/442614
来自深渊 烈日的黄金乡,8.296,1.179,92,Anime,13819,https://bangumi.tv/subject/298477
来自深渊,8.228,1.054,118,Anime,19340,https://bangumi.tv/subject/203526
来自深渊 深沉灵魂的黎明,7.946,1.056,272,Anime,11266,https://bangumi.tv/subject/230914
Happy Sugar Life,6.609,1.585,4674,Anime,4856,https://bangumi.tv/subject/240828
剧场总集篇孤独摇滚！ Re:Re:,7.496,1.025,938,Anime,2236,https://bangumi.tv/subject/459642
蟑螂娘,5.405,1.299,9298,Anime,597,https://bangumi.tv/subject/49057
烟花,5.946,1.418,7993,Anime,7013,https://bangumi.tv/subject/200704
不死少女 杀人笑剧,7.229,0.949,1694,Anime,6112,https://bangumi.tv/subject/425591
胜者即是正义,8.38,0.926,93,Real,3442,https://bangumi.tv/subject/37566
逃避虽可耻但有用,7.586,1.1,750,Real,1332,https://bangumi.tv/subject/188108
Trace～科搜研的男人,5.696,1.12,3053,Real,23,https://bangumi.tv/subject/265500
民王,7.314,1.016,1307,Real,357,https://bangumi.tv/subject/139201
我是大哥大！！,7.695,1.149,578,Real,889,https://bangumi.tv/subject/254821
卖房子的女人,7.159,0.892,1645,Real,157,https://bangumi.tv/subject/181855
非自然死亡,8.364,0.992,100,Real,3132,https://bangumi.tv/subject/225581
半泽直树,8.284,0.946,131,Real,3417,https://bangumi.tv/subject/73955
半泽直树2,8.29,0.947,130,Real,1822,https://bangumi.tv/subject/108596
喵斯快跑,6.981,1.007,3797,Game,1315,https://bangumi.tv/subject/241623
你画我猜,5.844,1.729,9579,Game,224,https://bangumi.tv/subject/341182
求生之路2,7.672,1.011,954,Game,1897,https://bangumi.tv/subject/2037
我的世界,8.873,1.238,12,Game,5421,https://bangumi.tv/subject/12596
泰拉瑞亚,8.333,1.24,158,Game,2287,https://bangumi.tv/subject/17852
冷面天使,6.444,1.096,5323,Anime,394,https://bangumi.tv/subject/9387
朋友游戏,5.976,1.328,7889,Anime,2721,https://bangumi.tv/subject/355072
岸边露伴一动不动 OVA,7.319,0.894,1390,Anime,4061,https://bangumi.tv/subject/289138
重启咲良田,7.912,1.272,298,Anime,8967,https://bangumi.tv/subject/193378
空洞骑士,8.326,1.221,160,Game,3293,https://bangumi.tv/subject/209250
雀魂麻将,6.375,1.737,7775,Game,1235,https://bangumi.tv/subject/250372
明日方舟,6.855,1.713,4608,Game,2889,https://bangumi.tv/subject/225878
碧蓝航线,6.628,1.641,6090,Game,1257,https://bangumi.tv/subject/208559
蔚蓝档案,7.074,1.663,3319,Game,1942,https://bangumi.tv/subject/300648
音击,8.066,1.114,613,Game,61,https://bangumi.tv/subject/246033
舞萌DX,7.629,1.675,1140,Game,213,https://bangumi.tv/subject/287346
传送门2,8.692,1.053,32,Game,2973,https://bangumi.tv/subject/15912
GINKA,5.819,1.302,9867,Game,1659,https://bangumi.tv/subject/402654
Malody,7.428,1.184,1743,Game,173,https://bangumi.tv/subject/176295
osu!,8.137,1.304,283,Game,3102,https://bangumi.tv/subject/2227
我和她的世界末日,5.233,1.455,10496,Game,390,https://bangumi.tv/subject/196074
梦末,6.272,1.36,8142,Game,390,https://bangumi.tv/subject/285687
茸雪,5.696,1.762,10015,Game,473,https://bangumi.tv/subject/276053
TVアニメ「BanG Dream!」キャラクターソング 戸山香澄「どきどきSING OUT!」,7.268,1.23,4846,Music,41,https://bangumi.tv/subject/212811
Introduction,5.767,1.585,0,Anime,30,https://bangumi.tv/subject/380513
BanG Dream! 少女乐团派对！,7.264,1.257,2309,Game,1434,https://bangumi.tv/subject/208415
迷跡波,7.945,1.319,1220,Music,672,https://bangumi.tv/subject/449998
無路矢,7.093,1.946,6144,Music,108,https://bangumi.tv/subject/450817
壱雫空,7.494,1.356,3797,Music,360,https://bangumi.tv/subject/437672
詩超絆,8.136,1.791,684,Music,411,https://bangumi.tv/subject/450691
アイドル,7.013,1.988,6843,Music,687,https://bangumi.tv/subject/427969
恋爱循环,8.323,1.224,330,Music,1944,https://bangumi.tv/subject/3198
オレンジ,8.092,1.104,815,Music,305,https://bangumi.tv/subject/121136
熙熙攘攘、我们的城市,7.945,1.336,1229,Music,563,https://bangumi.tv/subject/488829
打上花火,7.688,1.218,2532,Music,506,https://bangumi.tv/subject/218119
残酷天使的行动纲领 / 月之迷宫,8.677,1.144,91,Music,1408,https://bangumi.tv/subject/2069
羁绊,7.955,1.003,1166,Music,805,https://bangumi.tv/subject/10884
Butter-Fly,8.794,1.15,51,Music,1265,https://bangumi.tv/subject/2748
水仙2,8.174,1.077,254,Game,3590,https://bangumi.tv/subject/1168
Don’t say “lazy”,7.892,1.194,1426,Music,879,https://bangumi.tv/subject/1464
水仙,8.428,1.101,113,Game,6580,https://bangumi.tv/subject/1167
亚托莉 -我挚爱的时光-,7.09,1.196,3235,Game,7122,https://bangumi.tv/subject/297264
朝花夕誓——于离别之朝束起约定之花,7.511,1.277,883,Anime,9432,https://bangumi.tv/subject/218971
PARQUET,5.655,1.476,10129,Game,996,https://bangumi.tv/subject/344272
尸体派对 Tortured Souls,5.947,1.503,7967,Anime,3026,https://bangumi.tv/subject/58957
可塑性记忆,7.488,1.287,1528,Game,172,https://bangumi.tv/subject/183217
巨虫列岛,4.191,1.654,10169,Anime,414,https://bangumi.tv/subject/289856
AIR,7.943,1.281,274,Anime,13672,https://bangumi.tv/subject/234
DARLING in the FRANXX,6.197,1.726,7084,Anime,14941,https://bangumi.tv/subject/218711
鬼灭之刃 游郭篇,7.295,1.049,1461,Anime,12629,https://bangumi.tv/subject/328195
剧场版 鬼灭之刃 无限列车篇,7.22,1.127,1731,Anime,7932,https://bangumi.tv/subject/291494
鬼灭之刃 无限列车篇,7.304,1.066,1437,Anime,10479,https://bangumi.tv/subject/350764
玉子市场,7.275,1.109,1533,Anime,15491,https://bangumi.tv/subject/55113
MyGO!!!!!成员的日常生活,6.402,1.226,5670,Anime,686,https://bangumi.tv/subject/448391
BanG Dream! Episode of Roselia Ⅰ : 约定,6.327,1.245,6248,Anime,1228,https://bangumi.tv/subject/305058
CLANNAD 〜AFTER STORY〜,9.153,1.295,1,Anime,31761,https://bangumi.tv/subject/876
JOJO的奇妙冒险 石之海 第3部分,7.06,1.118,2349,Anime,6342,https://bangumi.tv/subject/395782
游戏人生 零,8.162,1.169,151,Anime,19790,https://bangumi.tv/subject/187276
特别篇 吹响吧！上低音号～合奏比赛～,7.496,0.969,923,Anime,6816,https://bangumi.tv/subject/386195
哈尔的移动城堡,7.848,1.115,358,Anime,12325,https://bangumi.tv/subject/312
突击莉莉 BOUQUET,6.049,1.167,7653,Anime,2999,https://bangumi.tv/subject/292712
补习部的一天,6.739,1.224,0,Anime,23,https://bangumi.tv/subject/480859
舰队Collection,5.637,1.58,9042,Anime,4675,https://bangumi.tv/subject/84386
蔚蓝档案 动画版,5.265,1.494,9653,Anime,3114,https://bangumi.tv/subject/416777
少女与战车,7.649,1.099,642,Anime,8361,https://bangumi.tv/subject/40310
JOJO的奇妙冒险,7.727,1.155,499,Anime,18974,https://bangumi.tv/subject/43558
小林家的龙女仆,7.428,1.001,1079,Anime,23032,https://bangumi.tv/subject/179949
中间管理录利根川,7.159,1.072,1961,Anime,1811,https://bangumi.tv/subject/237834
赌博默示录 破戒录篇,7.773,1.035,453,Anime,4751,https://bangumi.tv/subject/12317
赌博默示录,7.918,1.047,294,Anime,6899,https://bangumi.tv/subject/3892
妖精的旋律,7.266,1.483,1567,Anime,6239,https://bangumi.tv/subject/536
极黑的布伦希尔德,5.89,1.42,8203,Anime,4857,https://bangumi.tv/subject/89485
来自新世界,8.138,1.289,157,Anime,15382,https://bangumi.tv/subject/37785
关于我转生变成史莱姆这档事,6.652,1.151,4392,Anime,14733,https://bangumi.tv/subject/239816
未来日记,7.177,1.351,1890,Anime,15638,https://bangumi.tv/subject/16235
One Room,6.673,1.068,4264,Anime,6931,https://bangumi.tv/subject/198395
石纪元,7.245,1.044,1630,Anime,9324,https://bangumi.tv/subject/266794
顶点!!!!!!!!!!!!!!!,7.058,1.074,2360,Anime,1800,https://bangumi.tv/subject/364845
碧蓝之海,7.879,1.151,326,Anime,18576,https://bangumi.tv/subject/235130
虹四动画,6.882,1.173,3088,Anime,1424,https://bangumi.tv/subject/401960
BanG Dream! 少女乐团派对！☆PICO FEVER！,7.362,1.05,1275,Anime,1745,https://bangumi.tv/subject/338400
BanG Dream! 少女乐团派对！☆PICO～大份～,7.397,1.058,1168,Anime,2164,https://bangumi.tv/subject/296295
天气之子,7.152,1.214,1980,Anime,19444,https://bangumi.tv/subject/269235
铃芽之旅,6.572,1.188,4949,Anime,15505,https://bangumi.tv/subject/362577
LoveLive！虹咲学园学园偶像同好会 NEXT SKY,6.837,1.1,3310,Anime,1318,https://bangumi.tv/subject/408883
约定的梦幻岛,7.565,1.014,777,Anime,12432,https://bangumi.tv/subject/243916
千与千寻,8.631,1.058,28,Anime,27682,https://bangumi.tv/subject/311
约定的梦幻岛 第二季,3.339,1.726,10301,Anime,3721,https://bangumi.tv/subject/279202
工作细胞,6.925,0.977,2927,Anime,13533,https://bangumi.tv/subject/235612
漆黑的子弹,6.501,1.16,5370,Anime,7744,https://bangumi.tv/subject/84873
甘城光辉游乐园,6.998,1.041,2624,Anime,15593,https://bangumi.tv/subject/93545
四重星,6.0,1.413,7529,Anime,503,https://bangumi.tv/subject/469877
人形电脑天使心,7.487,1.151,944,Anime,5511,https://bangumi.tv/subject/12
可塑性记忆,7.02,1.257,2527,Anime,12950,https://bangumi.tv/subject/114685
宝石之国,7.606,1.02,692,Anime,11858,https://bangumi.tv/subject/214799
赤发白雪姬,6.91,1.06,2996,Anime,3597,https://bangumi.tv/subject/126034
少女终末旅行,8.129,1.062,162,Anime,17211,https://bangumi.tv/subject/218707
末日时在做什么？有没有空？可以来拯救吗？,7.617,1.206,680,Anime,13949,https://bangumi.tv/subject/185943
欢迎来到实力至上主义的教室,6.18,1.282,7160,Anime,16035,https://bangumi.tv/subject/214272
欢迎加入NHK！,8.171,1.185,146,Anime,9236,https://bangumi.tv/subject/995
星之梦,7.34,1.113,1317,Anime,5743,https://bangumi.tv/subject/176518
星之梦～雪圏球～,7.229,1.073,1710,Anime,1636,https://bangumi.tv/subject/295090
星之梦～星之人～,7.498,1.116,924,Anime,3905,https://bangumi.tv/subject/178884
邻家的吸血鬼小妹,7.003,0.988,2594,Anime,5175,https://bangumi.tv/subject/241158
剧场总集篇孤独摇滚！ Re:,7.39,1.061,1181,Anime,2648,https://bangumi.tv/subject/436738
缘之空,6.626,1.476,4573,Anime,14949,https://bangumi.tv/subject/7157
精灵使的剑舞,5.817,1.258,8526,Anime,4604,https://bangumi.tv/subject/79226
奇巧计程车,8.532,1.004,41,Anime,22039,https://bangumi.tv/subject/325285
死亡笔记,8.395,1.067,66,Anime,26074,https://bangumi.tv/subject/1773
偶像荣耀,6.911,1.113,2985,Anime,1779,https://bangumi.tv/subject/296151
JOJO的奇妙冒险 石之海 第2部分,6.989,1.087,2664,Anime,6861,https://bangumi.tv/subject/375913
JOJO的奇妙冒险 星尘斗士 埃及篇,8.231,1.016,115,Anime,18238,https://bangumi.tv/subject/113292
JOJO的奇妙冒险 石之海,7.222,1.101,1717,Anime,10363,https://bangumi.tv/subject/332261
JOJO的奇妙冒险 黄金之风,7.983,0.984,243,Anime,16018,https://bangumi.tv/subject/235128
莉可丽丝,6.29,1.528,6621,Anime,20542,https://bangumi.tv/subject/364450
JOJO的奇妙冒险 星尘斗士,8.026,1.023,217,Anime,18100,https://bangumi.tv/subject/85631
进击的巨人,8.227,1.206,117,Anime,31742,https://bangumi.tv/subject/55770
JOJO的奇妙冒险 不灭钻石,7.817,0.975,399,Anime,15821,https://bangumi.tv/subject/150490
斩·赤红之瞳！,6.619,1.367,4606,Anime,11626,https://bangumi.tv/subject/94244
链锯人,6.852,1.213,3269,Anime,19195,https://bangumi.tv/subject/321885
鬼灭之刃,7.268,1.145,1554,Anime,22048,https://bangumi.tv/subject/245665
命运石之门 0,8.228,1.227,119,Anime,16473,https://bangumi.tv/subject/129807
夏日重现,7.48,1.119,958,Anime,20837,https://bangumi.tv/subject/326895
你的名字。,8.081,1.144,183,Anime,35046,https://bangumi.tv/subject/160209
ISLAND,5.823,1.392,8490,Anime,3728,https://bangumi.tv/subject/175404
游戏人生,7.762,1.164,459,Anime,25870,https://bangumi.tv/subject/79227
命运石之门,8.847,1.152,8,Anime,40624,https://bangumi.tv/subject/10380
BanG Dream! Morfonication,6.337,1.147,6188,Anime,1282,https://bangumi.tv/subject/385928
赛马娘 Pretty Derby 新时代之门,7.507,0.942,901,Anime,4119,https://bangumi.tv/subject/472620
D4DJ First Mix,6.635,1.247,4286,Anime,529,https://bangumi.tv/subject/299372
剧场版 BanG Dream! Poppin'Dream！,7.102,1.172,2170,Anime,1179,https://bangumi.tv/subject/305059
BanG Dream! Episode of Roselia Ⅱ : Song I am.,6.636,1.177,4388,Anime,1112,https://bangumi.tv/subject/315490
BanG Dream! 少女乐团派对！5周年纪念动画 -CiRCLE THANKS PARTY!-,7.06,1.26,2346,Anime,546,https://bangumi.tv/subject/373931
剧场版 少女☆歌剧 Revue Starlight,8.53,1.293,42,Anime,11352,https://bangumi.tv/subject/294135
少女☆歌剧 Revue Starlight,7.914,1.223,295,Anime,16757,https://bangumi.tv/subject/214265
BanG Dream! FILM LIVE,7.103,1.147,2166,Anime,1205,https://bangumi.tv/subject/279219
BanG Dream! 少女乐团派对！☆PICO,7.496,1.051,929,Anime,3225,https://bangumi.tv/subject/246431
BanG Dream! 第二季,7.29,1.141,1491,Anime,4450,https://bangumi.tv/subject/246429
BanG Dream! 第三季,7.36,1.086,1270,Anime,3730,https://bangumi.tv/subject/246430
22/7,5.956,1.323,7932,Anime,2391,https://bangumi.tv/subject/220445
闪耀路标,7.07,1.005,2304,Anime,2353,https://bangumi.tv/subject/354414
LoveLive! Sunshine!!,6.542,1.272,5104,Anime,3588,https://bangumi.tv/subject/165553
BanG Dream! It's MyGO!!!!!,7.935,1.609,278,Anime,31923,https://bangumi.tv/subject/428735
少女乐队的呐喊,7.625,1.278,662,Anime,24788,https://bangumi.tv/subject/431767
Remember11：无限轮回的时光,8.863,1.286,13,Game,4657,https://bangumi.tv/subject/1127
时空轮回,9.051,1.218,5,Game,9900,https://bangumi.tv/subject/1126
Angel Beats! 1st beat,7.211,1.382,2578,Game,579,https://bangumi.tv/subject/84520
【我推的孩子】,7.356,1.225,1271,Anime,21412,https://bangumi.tv/subject/386809
寄生兽 生命的准则,7.976,1.085,250,Anime,16900,https://bangumi.tv/subject/88433
魔法少女小圆,8.577,1.192,35,Anime,39001,https://bangumi.tv/subject/9717
散华礼弥,6.798,1.088,3536,Anime,10070,https://bangumi.tv/subject/28230
干物妹！小埋,6.791,1.138,3588,Anime,17152,https://bangumi.tv/subject/120187
琴浦小姐,6.585,1.242,4824,Anime,2831,https://bangumi.tv/subject/48034
孤独摇滚！,8.363,1.243,73,Anime,41011,https://bangumi.tv/subject/328609
LoveLive! Sunshine!! 学园偶像 电影 彩虹彼端,6.602,1.387,4615,Anime,1186,https://bangumi.tv/subject/234295
Another,6.927,1.25,2917,Anime,14377,https://bangumi.tv/subject/20851
CLANNAD,8.359,1.338,74,Anime,28597,https://bangumi.tv/subject/51
Love Live! 学园偶像 电影,7.297,1.277,1464,Anime,3584,https://bangumi.tv/subject/107199
LoveLive! Sunshine!! 第二季,6.531,1.332,5153,Anime,2437,https://bangumi.tv/subject/210272
BanG Dream!,6.392,1.143,5976,Anime,5192,https://bangumi.tv/subject/186515
Love Live! Superstar!! 第二季,3.458,1.752,10293,Anime,3073,https://bangumi.tv/subject/354146
天使的心跳！,7.562,1.303,783,Anime,23727,https://bangumi.tv/subject/1851
玉子爱情故事,7.923,1.008,291,Anime,16468,https://bangumi.tv/subject/90880
某科学的超电磁炮,7.528,1.098,850,Anime,23537,https://bangumi.tv/subject/2585
Love Live! 虹咲学园校园偶像同好会 第二季,7.419,1.174,1101,Anime,4431,https://bangumi.tv/subject/335579
Love Live! 虹咲学园校园偶像同好会,7.509,1.106,891,Anime,6082,https://bangumi.tv/subject/296659
无能的奈奈,6.959,1.118,2785,Anime,6862,https://bangumi.tv/subject/302418
笨女孩,6.579,1.171,4905,Anime,10696,https://bangumi.tv/subject/208450
暗杀教室 第二季,7.71,1.14,533,Anime,8283,https://bangumi.tv/subject/131891
一周的朋友。,7.142,1.05,2030,Anime,6302,https://bangumi.tv/subject/88493
Love Live! 第二季,7.281,1.223,1515,Anime,7579,https://bangumi.tv/subject/75989
Love Live! Superstar!!,6.505,1.136,5345,Anime,6245,https://bangumi.tv/subject/306742
声之形,7.066,1.531,2320,Anime,16877,https://bangumi.tv/subject/117777
日在校园,6.215,1.776,6990,Anime,9985,https://bangumi.tv/subject/827
夏洛特,6.399,1.434,5965,Anime,20560,https://bangumi.tv/subject/120925
ReLIFE 完结篇,7.698,1.077,553,Anime,9270,https://bangumi.tv/subject/213816
樱花庄的宠物女孩,7.42,1.194,1092,Anime,19212,https://bangumi.tv/subject/41488
约会大作战,6.681,1.252,4223,Anime,15931,https://bangumi.tv/subject/49131
Love Live!,7.194,1.223,1814,Anime,10341,https://bangumi.tv/subject/49294
暗杀教室,7.406,1.149,1131,Anime,11468,https://bangumi.tv/subject/106818
ReLIFE,7.674,1.095,597,Anime,12802,https://bangumi.tv/subject/126173
